<?xml version="1.0" encoding="UTF-8"?>
<Experiments>
	<SimulationExperiment ActiveObjectClassId="1770131094503">
		<Id>1770148430088</Id>
		<Name><![CDATA[Normal_day]]></Name>
		<CommandLineArguments/>
		<MaximumMemory>512</MaximumMemory>
		<RandomNumberGenerationType>fixedSeed</RandomNumberGenerationType>
		<CustomGeneratorCode>new Random()</CustomGeneratorCode>
		<BeforeSimulationRunCode>// Только информационное сообщение
traceln("========================================");
traceln("NORMAL DAY EXPERIMENT");
traceln("Rate: 0.1 orders per minute");
traceln("Duration: 480 minutes");
traceln("Click 'Normal Day' button on Main diagram");
traceln("Then press Play to start simulation");
traceln("========================================");</BeforeSimulationRunCode>
		<SeedValue>1</SeedValue>
		<SelectionModeForSimultaneousEvents>LIFO</SelectionModeForSimultaneousEvents>
		<VmArgs/>
		<LoadRootFromSnapshot>false</LoadRootFromSnapshot>
		<Presentation>
			<Text>
				<Id>1770148430093</Id>
				<Name><![CDATA[text]]></Name>
				<X>50</X>
				<Y>30</Y>
				<Label>
					<X>10</X>
					<Y>0</Y>
				</Label>
				<PublicFlag>true</PublicFlag>
				<PresentationFlag>true</PresentationFlag>
				<ShowLabel>false</ShowLabel>
				<DrawMode>SHAPE_DRAW_2D3D</DrawMode>
				<EmbeddedIcon>false</EmbeddedIcon>
				<Z>0</Z>
				<Rotation>0.0</Rotation>
				<Color>-12490271</Color>
				<Text><![CDATA[Simulation for Multi-Channel
Customer Service Centre Performance]]></Text>
				<Font>
					<Name><![CDATA[SansSerif]]></Name>
					<Size>24</Size>
					<Style>0</Style>
				</Font>
				<Alignment>LEFT</Alignment>
			</Text>
		</Presentation>
		<Parameters>
			<Parameter>
				<ParameterName>orderRate</ParameterName>
			</Parameter>
		</Parameters>
		<PresentationProperties>
			<EnableZoomAndPanning>true</EnableZoomAndPanning>
			<ExecutionMode>virtualTime</ExecutionMode>
			<Title>Simulation for Multi-Channel
Customer Service Centre Performance : Normal_day</Title>
			<EnableDeveloperPanel>true</EnableDeveloperPanel>
			<ShowDeveloperPanelOnStart>false</ShowDeveloperPanelOnStart>
			<RealTimeScale>0.04</RealTimeScale>
		</PresentationProperties>
		<ModelTimeProperties>
			<StopOption>Stop at specified time</StopOption>
			<InitialDate>1770076800000</InitialDate>
			<InitialTime>0.0</InitialTime>
			<FinalDate>1770076900000</FinalDate>
			<FinalTime>100.0</FinalTime>
		</ModelTimeProperties>
		<BypassInitialScreen>true</BypassInitialScreen>
	</SimulationExperiment>
	<SimulationExperiment ActiveObjectClassId="1770131094503">
		<Id>1770283612134</Id>
		<Name><![CDATA[Peak_day]]></Name>
		<CommandLineArguments/>
		<MaximumMemory>512</MaximumMemory>
		<RandomNumberGenerationType>fixedSeed</RandomNumberGenerationType>
		<CustomGeneratorCode>new Random()</CustomGeneratorCode>
		<BeforeSimulationRunCode>// Просто информационное сообщение
traceln("========================================");
traceln("PEAK DAY EXPERIMENT");
traceln("Expected order rate: 0.2 per minute");
traceln("Duration: 480 minutes (8 hours)");
traceln("========================================");
traceln("INSTRUCTIONS:");
traceln("1. Click 'Peak Day' button on Main diagram");
traceln("2. Press Play (green button)");
traceln("3. Statistics will appear after 480 min");
traceln("4. Or click 'Show Statistics' anytime");
traceln("========================================");</BeforeSimulationRunCode>
		<SeedValue>1</SeedValue>
		<SelectionModeForSimultaneousEvents>LIFO</SelectionModeForSimultaneousEvents>
		<VmArgs/>
		<LoadRootFromSnapshot>false</LoadRootFromSnapshot>
		<Presentation>
			<Text>
				<Id>1770283612140</Id>
				<Name><![CDATA[text]]></Name>
				<X>50</X>
				<Y>30</Y>
				<Label>
					<X>10</X>
					<Y>0</Y>
				</Label>
				<PublicFlag>true</PublicFlag>
				<PresentationFlag>true</PresentationFlag>
				<ShowLabel>false</ShowLabel>
				<DrawMode>SHAPE_DRAW_2D3D</DrawMode>
				<EmbeddedIcon>false</EmbeddedIcon>
				<Z>0</Z>
				<Rotation>0.0</Rotation>
				<Color>-12490271</Color>
				<Text><![CDATA[Simulation for Multi-Channel
Customer Service Centre Performance]]></Text>
				<Font>
					<Name><![CDATA[SansSerif]]></Name>
					<Size>24</Size>
					<Style>0</Style>
				</Font>
				<Alignment>LEFT</Alignment>
			</Text>
		</Presentation>
		<Parameters>
			<Parameter>
				<ParameterName>orderRate</ParameterName>
				<ParameterValue Class="CodeValue">
					<Code><![CDATA[0.2]]></Code>
				</ParameterValue>
			</Parameter>
		</Parameters>
		<PresentationProperties>
			<EnableZoomAndPanning>true</EnableZoomAndPanning>
			<ExecutionMode>virtualTime</ExecutionMode>
			<Title>Simulation for Multi-Channel
Customer Service Centre Performance : Peak_day</Title>
			<EnableDeveloperPanel>true</EnableDeveloperPanel>
			<ShowDeveloperPanelOnStart>false</ShowDeveloperPanelOnStart>
			<RealTimeScale>1.0</RealTimeScale>
		</PresentationProperties>
		<ModelTimeProperties>
			<StopOption>Stop at specified time</StopOption>
			<InitialDate>1770163200000</InitialDate>
			<InitialTime>0.0</InitialTime>
			<FinalDate>1770163680000</FinalDate>
			<FinalTime>480.0</FinalTime>
		</ModelTimeProperties>
		<BypassInitialScreen>true</BypassInitialScreen>
	</SimulationExperiment>
	<SimulationExperiment ActiveObjectClassId="1770131094503">
		<Id>1770131094530</Id>
		<Name><![CDATA[Simulation]]></Name>
		<CommandLineArguments/>
		<MaximumMemory>512</MaximumMemory>
		<RandomNumberGenerationType>fixedSeed</RandomNumberGenerationType>
		<CustomGeneratorCode>new Random()</CustomGeneratorCode>
		<SeedValue>1</SeedValue>
		<SelectionModeForSimultaneousEvents>LIFO</SelectionModeForSimultaneousEvents>
		<VmArgs/>
		<LoadRootFromSnapshot>false</LoadRootFromSnapshot>
		<Presentation>
			<Text>
				<Id>1770131094535</Id>
				<Name><![CDATA[text]]></Name>
				<X>50</X>
				<Y>30</Y>
				<Label>
					<X>10</X>
					<Y>0</Y>
				</Label>
				<PublicFlag>true</PublicFlag>
				<PresentationFlag>true</PresentationFlag>
				<ShowLabel>false</ShowLabel>
				<DrawMode>SHAPE_DRAW_2D3D</DrawMode>
				<EmbeddedIcon>false</EmbeddedIcon>
				<Z>0</Z>
				<Rotation>0.0</Rotation>
				<Color>-12490271</Color>
				<Text><![CDATA[Simulation for Multi-Channel
Customer Service Centre Performance]]></Text>
				<Font>
					<Name><![CDATA[SansSerif]]></Name>
					<Size>24</Size>
					<Style>0</Style>
				</Font>
				<Alignment>LEFT</Alignment>
			</Text>
		</Presentation>
		<Parameters>
			<Parameter>
				<ParameterName>orderRate</ParameterName>
			</Parameter>
		</Parameters>
		<PresentationProperties>
			<EnableZoomAndPanning>true</EnableZoomAndPanning>
			<ExecutionMode>realTimeScaled</ExecutionMode>
			<Title>Simulation for Multi-Channel
Customer Service Centre Performance : Simulation</Title>
			<EnableDeveloperPanel>true</EnableDeveloperPanel>
			<ShowDeveloperPanelOnStart>false</ShowDeveloperPanelOnStart>
			<RealTimeScale>1.0</RealTimeScale>
		</PresentationProperties>
		<ModelTimeProperties>
			<StopOption>Never</StopOption>
			<InitialDate>1770076800000</InitialDate>
			<InitialTime>0.0</InitialTime>
			<FinalDate>1772496000000</FinalDate>
			<FinalTime>100.0</FinalTime>
		</ModelTimeProperties>
		<BypassInitialScreen>true</BypassInitialScreen>
	</SimulationExperiment>
</Experiments>
